{
  "Pipes": [
    {
      "Name": "",
      "Description": "",
      "TypeOfMaterial": "",
      "HeatCapacity": "",
      "Density": ""
    },
    {
      "Name": "Алюминий",
      "Description": "Трубы аллюминиевые",
      "TypeOfMaterial": "",
      "HeatCapacity": "880",
      "Density": "2712"
    },
    {
      "Name": "Латунь",
      "Description": "Труба латунная",
      "TypeOfMaterial": "",
      "HeatCapacity": "380",
      "Density": "8500"
    },
    {
      "Name": "Медь",
      "Description": "Труба медная ГОСТ 21646-2003",
      "TypeOfMaterial": "Медная труба",
      "HeatCapacity": "390",
      "Density": "8920"
    },
    {
      "Name": "Сталь нержавеющая",
      "Description": "Труба нержавеющая ГОСТ ",
      "TypeOfMaterial": "Нержавеющая сталь",
      "HeatCapacity": "460",
      "Density": "7980"
    },
    {
      "Name": "Сталь углеродистая",
      "Description": "Труба бесшовная ГОСТ 8732-78,ГОСТ380-2005",
      "TypeOfMaterial": "Стальная бесшовная",
      "HeatCapacity": "460",
      "Density": "7800"
    },
    {
      "Name": "Сталь углеродистая",
      "Description": "Труба электросварная ГОСТ 10704-91,ГОСТ 3262-75",
      "TypeOfMaterial": "Стальная электросварная",
      "HeatCapacity": "460",
      "Density": "7800"
    },
    {
      "Name": "Фторопласт",
      "Description": "Трубы фторопластовые",
      "TypeOfMaterial": "",
      "HeatCapacity": "544",
      "Density": "1700"
    },
    {
      "Name": "Полиэтилен",
      "Description": "Трубы полиэтиленовые",
      "TypeOfMaterial": "",
      "HeatCapacity": "620",
      "Density": "960"
    },
    {
      "Name": "Чугун",
      "Description": "Труба чугунная ГОСТ",
      "TypeOfMaterial": "",
      "HeatCapacity": "544",
      "Density": "7208"
    },
    {
      "Name": "Резина",
      "Description": "Труба(шланг)резина, гофр",
      "TypeOfMaterial": "",
      "HeatCapacity": "1900",
      "Density": "1100"
    },
    {
      "Name": "Полипропилен",
      "Description": "Труба пластиковая",
      "TypeOfMaterial": "",
      "HeatCapacity": "1930",
      "Density": "920"
    },
    {
      "Name": "Стеклопластик",
      "Description": "Труба стеклопласт",
      "TypeOfMaterial": "",
      "HeatCapacity": "840",
      "Density": "2"
    }
  ],
  "ValvesAndSupportsAndFlangs": {
    "Valves": [
      {
        "Type": "Типовая металлическая задвижка",
        "Description": "Типовая металлическая задвижка",
        "Mode": "Расчет теплопотерь",
        "Interval": "",
        "Quantity": "",
        "Max": "",
        "ImagePath": "pack://application:,,,/Images/Valve.png"
      },
      {
        "Type": "Легкая задвижка(бесфланцевая,сварная)",
        "Description": "Легкая задвижка(бесфланцевая,сварная)",
        "Mode": "Общая длина гр. кабеля",
        "Interval": "",
        "Quantity": "",
        "Max": "",
        "ImagePath": "pack://application:,,,/Images/BFValve.png"
      },
      {
        "Type": "Легкая фланцевая задвижка",
        "Description": "Легкая фланцевая задвижка",
        "Mode": "Общая длина гр. кабеля",
        "Interval": "",
        "Quantity": "",
        "Max": "",
        "ImagePath": ""
      },
      {
        "Type": "Тяжелая задвижка бесфланцевая",
        "Description": "Тяжелая задвижка бесфланцевая",
        "Mode": "Общая длина гр. кабеля",
        "Interval": "",
        "Quantity": "",
        "Max": "",
        "ImagePath": ""
      },
      {
        "Type": "Тяжелая задвижка фланцевая",
        "Description": "Тяжелая задвижка фланцевая",
        "Mode": "Общая длина гр. кабеля",
        "Interval": "",
        "Quantity": "",
        "Max": "",
        "ImagePath": "pack://application:,,,/Images/HeavyValve.png"
      },
      {
        "Type": "Задвижка с электроприводом",
        "Description": "Задвижка с электроприводом",
        "Mode": "Общая длина гр. кабеля",
        "Interval": "",
        "Quantity": "",
        "Max": "",
        "ImagePath": "pack://application:,,,/Images/ElectricGateValve.png"
      },
      {
        "Type": "Шаровой кран",
        "Description": "Шаровой кран",
        "Mode": "Общая длина гр. кабеля",
        "Interval": "",
        "Quantity": "",
        "Max": "",
        "ImagePath": "pack://application:,,,/Images/BallValve.png"
      },
      {
        "Type": "Вентиль запорный",
        "Description": "Вентиль запорный",
        "Mode": "Общая длина гр. кабеля",
        "Interval": "",
        "Quantity": "",
        "Max": "",
        "ImagePath": "pack://application:,,,/Images/FlangedValve.png"
      }
    ],
    "Supports": [
      {
        "Type": "Типовая трубная опора",
        "Description": "Типовая трубная опора",
        "Mode": "",
        "Interval": "",
        "Quantity": "",
        "Max": "",
        "ImagePath": "pack://application:,,,/Images/StandartSupport.png"
      },
      {
        "Type": "Типовая увеличенная(двойная)",
        "Description": "Типовая увеличенная(двойная)",
        "Mode": "",
        "Interval": "",
        "Quantity": "",
        "Max": "",
        "ImagePath": "pack://application:,,,/Images/DoubleSupport.png"
      },
      {
        "Type": "Подвес",
        "Description": "Подвес",
        "Mode": "",
        "Interval": "",
        "Quantity": "",
        "Max": "",
        "ImagePath": "pack://application:,,,/Images/Suspension.png"
      },
      {
        "Type": "U образная",
        "Description": "U образная",
        "Mode": "",
        "Interval": "",
        "Quantity": "",
        "Max": "",
        "ImagePath": "pack://application:,,,/Images/Ubolt.png"
      },
      {
        "Type": "Стойка бескорпусная",
        "Description": "Стойка бескорпусная",
        "Mode": "",
        "Interval": "",
        "Quantity": "",
        "Max": "",
        "ImagePath": "pack://application:,,,/Images/Rack.png"
      },
      {
        "Type": "Хомут на теплоиз.",
        "Description": "Хомут на теплоиз.",
        "Mode": "",
        "Interval": "",
        "Quantity": "",
        "Max": "",
        "ImagePath": "pack://application:,,,/Images/SupportForThermalInsulation.png"
      }
    ],
    "Flangs": [
      {
        "Type": "Типовой фланец",
        "Description": "Типовой фланец",
        "Mode": "",
        "Interval": "",
        "Quantity": "",
        "Max": "",
        "ImagePath": "pack://application:,,,/Images/StandartFlange.png"
      },
      {
        "Type": "Толстый фланец(Р-25)",
        "Description": "Толстый фланец(Р-25)",
        "Mode": "",
        "Interval": "",
        "Quantity": "",
        "Max": "",
        "ImagePath": "pack://application:,,,/Images/FatFlange.png"
      }
    ]
  },
  "ThermalInsulations": [
    {
      "Layer": "Цилиндры минераловатные 80",
      "Description": "Цилиндры минераловатные 80",
      "Thickness": null,
      "Diam": null,
      "MaxTemp": "",
      "MinTemp": "",
      "HeatCapacity": "",
      "Density": "",
      "ThermalConductivity": null
    },
    {
      "Layer": "Цилиндры минераловатные 100",
      "Description": "Цилиндры минераловатные 100",
      "Thickness": null,
      "Diam": null,
      "MaxTemp": "",
      "MinTemp": "",
      "HeatCapacity": "",
      "Density": "",
      "ThermalConductivity": null
    },
    {
      "Layer": "Цилиндры минераловатные 150",
      "Description": "Цилиндры минераловатные 150",
      "Thickness": null,
      "Diam": null,
      "MaxTemp": "",
      "MinTemp": "",
      "HeatCapacity": "",
      "Density": "",
      "ThermalConductivity": null
    },
    {
      "Layer": "Маты минераловатные",
      "Description": "Маты минераловатные",
      "Thickness": null,
      "Diam": null,
      "MaxTemp": "",
      "MinTemp": "",
      "HeatCapacity": "",
      "Density": "",
      "ThermalConductivity": null
    },
    {
      "Layer": "Плиты минераловатные",
      "Description": "Плиты минераловатные",
      "Thickness": null,
      "Diam": null,
      "MaxTemp": "",
      "MinTemp": "",
      "HeatCapacity": "",
      "Density": "",
      "ThermalConductivity": null
    },
    {
      "Layer": "Пеностекло",
      "Description": "Пеностекло",
      "Thickness": null,
      "Diam": null,
      "MaxTemp": "",
      "MinTemp": "",
      "HeatCapacity": "",
      "Density": "",
      "ThermalConductivity": null
    },
    {
      "Layer": "Rockwool Цилиндры навивные 100",
      "Description": "Rockwool Цилиндры навивные 100",
      "Thickness": null,
      "Diam": null,
      "MaxTemp": "",
      "MinTemp": "",
      "HeatCapacity": "",
      "Density": "",
      "ThermalConductivity": null
    },
    {
      "Layer": "Rockwool ТЕХ МАТ",
      "Description": "Rockwool ТЕХ МАТ",
      "Thickness": null,
      "Diam": null,
      "MaxTemp": "",
      "MinTemp": "",
      "HeatCapacity": "",
      "Density": "",
      "ThermalConductivity": null
    },
    {
      "Layer": "Rockwool Wired МАТ 80",
      "Description": "Rockwool Wired МАТ 80",
      "Thickness": null,
      "Diam": null,
      "MaxTemp": "",
      "MinTemp": "",
      "HeatCapacity": "",
      "Density": "",
      "ThermalConductivity": null
    },
    {
      "Layer": "Аэрогель Pyrogel XT",
      "Description": "Аэрогель Pyrogel XT",
      "Thickness": null,
      "Diam": null,
      "MaxTemp": "",
      "MinTemp": "",
      "HeatCapacity": "",
      "Density": "",
      "ThermalConductivity": null
    },
    {
      "Layer": "Шнур асбестовый пуховой ШАП",
      "Description": "Шнур асбестовый пуховой ШАП",
      "Thickness": null,
      "Diam": null,
      "MaxTemp": "",
      "MinTemp": "",
      "HeatCapacity": "",
      "Density": "",
      "ThermalConductivity": null
    },
    {
      "Layer": "Шнур энергетический ШТЭ",
      "Description": "Шнур энергетический ШТЭ",
      "Thickness": null,
      "Diam": null,
      "MaxTemp": "",
      "MinTemp": "",
      "HeatCapacity": "",
      "Density": "",
      "ThermalConductivity": null
    },
    {
      "Layer": "Пенополиуретан",
      "Description": "Пенополиуретан",
      "Thickness": null,
      "Diam": null,
      "MaxTemp": "",
      "MinTemp": "",
      "HeatCapacity": "",
      "Density": "",
      "ThermalConductivity": null
    },
    {
      "Layer": "К-Flex",
      "Description": "К-Flex",
      "Thickness": null,
      "Diam": null,
      "MaxTemp": "",
      "MinTemp": "",
      "HeatCapacity": "",
      "Density": "",
      "ThermalConductivity": null
    }
  ],
  "Liquids": [
    {
      "NameOfLiquid": "Не определено",
      "Description": "Не определено",
      "LatentHeatOfFusion": "",
      "LatentHeatOfFusionIsFound": "",
      "LatentHeatOfVaporization": "",
      "LatentHeatOfVaporizationIsFound": "",
      "CanFreeze": false,
      "CanBoil": false,
      "HeatCapacity": "3",
      "Density": "3",
      "ThermalConductivity": "2"
    },
    {
      "NameOfLiquid": "Бензин",
      "Description": "Бензин",
      "LatentHeatOfFusion": "",
      "LatentHeatOfFusionIsFound": "",
      "LatentHeatOfVaporization": "1",
      "LatentHeatOfVaporizationIsFound": "1",
      "CanFreeze": false,
      "CanBoil": true,
      "HeatCapacity": "2060",
      "Density": "878",
      "ThermalConductivity": "0,11"
    },
    {
      "NameOfLiquid": "Битум",
      "Description": "Битум",
      "LatentHeatOfFusion": "",
      "LatentHeatOfFusionIsFound": "",
      "LatentHeatOfVaporization": "1",
      "LatentHeatOfVaporizationIsFound": "1",
      "CanFreeze": false,
      "CanBoil": false,
      "HeatCapacity": "1926",
      "Density": "1070",
      "ThermalConductivity": "0,11"
    },
    {
      "NameOfLiquid": "Вода",
      "Description": "Вода",
      "LatentHeatOfFusion": "",
      "LatentHeatOfFusionIsFound": "",
      "LatentHeatOfVaporization": "1",
      "LatentHeatOfVaporizationIsFound": "1",
      "CanFreeze": true,
      "CanBoil": false,
      "HeatCapacity": "4200",
      "Density": "1000",
      "ThermalConductivity": "0,55"
    },
    {
      "NameOfLiquid": "Воздух",
      "Description": "Воздух",
      "LatentHeatOfFusion": "",
      "LatentHeatOfFusionIsFound": "",
      "LatentHeatOfVaporization": "1",
      "LatentHeatOfVaporizationIsFound": "1",
      "CanFreeze": false,
      "CanBoil": false,
      "HeatCapacity": "1005",
      "Density": "1,3",
      "ThermalConductivity": "0,027"
    },
    {
      "NameOfLiquid": "Жидкая сера(400 К)",
      "Description": "Воздух",
      "LatentHeatOfFusion": "",
      "LatentHeatOfFusionIsFound": "",
      "LatentHeatOfVaporization": "1",
      "LatentHeatOfVaporizationIsFound": "1",
      "CanFreeze": false,
      "CanBoil": false,
      "HeatCapacity": "1004",
      "Density": "1800",
      "ThermalConductivity": "0,13"
    },
    {
      "NameOfLiquid": "Жидкий парафин",
      "Description": "Жидкий парафин",
      "LatentHeatOfFusion": "",
      "LatentHeatOfFusionIsFound": "",
      "LatentHeatOfVaporization": "1",
      "LatentHeatOfVaporizationIsFound": "1",
      "CanFreeze": false,
      "CanBoil": false,
      "HeatCapacity": "2973",
      "Density": "799",
      "ThermalConductivity": "0,12"
    },
    {
      "NameOfLiquid": "Лед",
      "Description": "Лед",
      "LatentHeatOfFusion": "",
      "LatentHeatOfFusionIsFound": "",
      "LatentHeatOfVaporization": "1",
      "LatentHeatOfVaporizationIsFound": "1",
      "CanFreeze": false,
      "CanBoil": false,
      "HeatCapacity": "2260",
      "Density": "917",
      "ThermalConductivity": "2,2"
    },
    {
      "NameOfLiquid": "Масло растительное",
      "Description": "Масло растительное",
      "LatentHeatOfFusion": "",
      "LatentHeatOfFusionIsFound": "",
      "LatentHeatOfVaporization": "1",
      "LatentHeatOfVaporizationIsFound": "1",
      "CanFreeze": false,
      "CanBoil": true,
      "HeatCapacity": "1972",
      "Density": "917",
      "ThermalConductivity": "0,17"
    },
    {
      "NameOfLiquid": "Масло трансформаторное",
      "Description": "Масло трансформаторное",
      "LatentHeatOfFusion": "",
      "LatentHeatOfFusionIsFound": "",
      "LatentHeatOfVaporization": "1",
      "LatentHeatOfVaporizationIsFound": "1",
      "CanFreeze": false,
      "CanBoil": true,
      "HeatCapacity": "1666",
      "Density": "880",
      "ThermalConductivity": "0,11"
    },
    {
      "NameOfLiquid": "Нефть",
      "Description": "Нефть",
      "LatentHeatOfFusion": "",
      "LatentHeatOfFusionIsFound": "",
      "LatentHeatOfVaporization": "1",
      "LatentHeatOfVaporizationIsFound": "1",
      "CanFreeze": false,
      "CanBoil": true,
      "HeatCapacity": "1900",
      "Density": "830",
      "ThermalConductivity": "0,14"
    },
    {
      "NameOfLiquid": "Природный газ",
      "Description": "Природный газ",
      "LatentHeatOfFusion": "",
      "LatentHeatOfFusionIsFound": "",
      "LatentHeatOfVaporization": "1",
      "LatentHeatOfVaporizationIsFound": "1",
      "CanFreeze": false,
      "CanBoil": false,
      "HeatCapacity": "2141",
      "Density": "0,68",
      "ThermalConductivity": "0,034"
    },
    {
      "NameOfLiquid": "Серная кислота",
      "Description": "Серная кислота",
      "LatentHeatOfFusion": "",
      "LatentHeatOfFusionIsFound": "",
      "LatentHeatOfVaporization": "1",
      "LatentHeatOfVaporizationIsFound": "1",
      "CanFreeze": true,
      "CanBoil": false,
      "HeatCapacity": "1440",
      "Density": "1829",
      "ThermalConductivity": "0,518"
    },
    {
      "NameOfLiquid": "Дизельное топливо",
      "Description": "Дизельное топливо",
      "LatentHeatOfFusion": "",
      "LatentHeatOfFusionIsFound": "",
      "LatentHeatOfVaporization": "1",
      "LatentHeatOfVaporizationIsFound": "1",
      "CanFreeze": true,
      "CanBoil": false,
      "HeatCapacity": "1960",
      "Density": "878,7",
      "ThermalConductivity": "0,1169"
    }
  ],
  "Areas": [
    {
      "AreaName": "Area#1"
    },
    {
      "AreaName": "Area#2"
    },
    {
      "AreaName": "Area#3"
    }
  ],
  "Fasteners": [
    {
      "FastenerName": "Крепежная лента просечная нж\t"
    },
    {
      "FastenerName": "Хомут нж"
    },
    {
      "FastenerName": "Лента крепежная нж с пряжками"
    },
    {
      "FastenerName": "Проволока вязальная"
    },
    {
      "FastenerName": "Арматурная сетка оцинкованая"
    },
    {
      "FastenerName": "Сетка из нержавеющей стали"
    }
  ],
  "HeatCables": [
    {
      "HeatCablesGroupName": "КНММ",
      "HeatCablesName": [
        {
          "Name": "КНММ М-4"
        },
        {
          "Name": "КНММ М-5"
        },
        {
          "Name": "КНММ М-7"
        },
        {
          "Name": "КНММ М-11"
        },
        {
          "Name": "КНММ М-12"
        },
        {
          "Name": "КНММ М-17"
        },
        {
          "Name": "КНММ М-25"
        },
        {
          "Name": "КНММ М-40"
        },
        {
          "Name": "КНММ М-63"
        }
      ],
      "Seals": [
        {
          "NameOfSeal": "M20"
        }
      ]
    },
    {
      "HeatCablesGroupName": "КНММН",
      "HeatCablesName": [
        {
          "Name": "КНММНМ-4"
        },
        {
          "Name": "КНММНМ-7"
        },
        {
          "Name": "КНММНМ-11"
        },
        {
          "Name": "КНММНМ-17"
        },
        {
          "Name": "КНММНМ-25"
        },
        {
          "Name": "КНММНМ-40"
        },
        {
          "Name": "КНММНМ-63"
        },
        {
          "Name": "КНММНМ-160"
        },
        {
          "Name": "КНММНМ-250"
        },
        {
          "Name": "КНММНМ-400"
        },
        {
          "Name": "КНММНМ-630"
        },
        {
          "Name": "КНММНМ-1000"
        },
        {
          "Name": "КНММНМ-1600"
        }
      ],
      "Seals": [
        {
          "NameOfSeal": "M20"
        }
      ]
    },
    {
      "HeatCablesGroupName": "КНМС",
      "HeatCablesName": [
        {
          "Name": "КНМСМ-4"
        },
        {
          "Name": "КНМСМ-7"
        },
        {
          "Name": "КНМСМ-11"
        },
        {
          "Name": "КНМСМ-17"
        },
        {
          "Name": "КНМСМ-25"
        },
        {
          "Name": "КНМСМ-40"
        },
        {
          "Name": "КНМСМ-63"
        },
        {
          "Name": "КНМСМ-98"
        },
        {
          "Name": "КНМСМ-160"
        },
        {
          "Name": "КНМСМ-250"
        },
        {
          "Name": "КНМСМ-400"
        },
        {
          "Name": "КНМСМ-630"
        },
        {
          "Name": "КНМСМ-1000"
        },
        {
          "Name": "КНМСМ-1600"
        },
        {
          "Name": "КНМСМ-2500"
        },
        {
          "Name": "КНМСМ-4000"
        },
        {
          "Name": "КНМСМ-6300"
        },
        {
          "Name": "КНМСМ-10000"
        }
      ],
      "Seals": [
        {
          "NameOfSeal": "M20"
        }
      ]
    },
    {
      "HeatCablesGroupName": "КНМС825",
      "HeatCablesName": [
        {
          "Name": "КНМС825М-4"
        },
        {
          "Name": "КНМС825М-7"
        },
        {
          "Name": "КНМС825М-11"
        },
        {
          "Name": "КНМС825М-17"
        },
        {
          "Name": "КНМС825М-25"
        },
        {
          "Name": "КНМС825М-40"
        },
        {
          "Name": "КНМС825М-63"
        },
        {
          "Name": "КНМС825М-160"
        },
        {
          "Name": "КНМС825М-250"
        },
        {
          "Name": "КНМС825М-400"
        },
        {
          "Name": "КНМС825М-630"
        },
        {
          "Name": "КНМС825М-1000"
        },
        {
          "Name": "КНМС825М-1600"
        },
        {
          "Name": "КНМС825М-2500"
        },
        {
          "Name": "КНМС825М-4000"
        },
        {
          "Name": "КНМС825М-6300"
        },
        {
          "Name": "КНМС825М-10000"
        }
      ],
      "Seals": [
        {
          "NameOfSeal": "M20"
        }
      ]
    },
    {
      "HeatCablesGroupName": "КНМСИн",
      "HeatCablesName": [
        {
          "Name": "КНМСинМ-4"
        },
        {
          "Name": "КНМСинМ-7"
        },
        {
          "Name": "КНМСинМ-11"
        },
        {
          "Name": "КНМСинМ-17"
        },
        {
          "Name": "КНМСинМ-25"
        },
        {
          "Name": "КНМСинМ-40"
        },
        {
          "Name": "КНМСинМ-63"
        },
        {
          "Name": "КНМСинМ-160"
        },
        {
          "Name": "КНМСинМ-250"
        },
        {
          "Name": "КНМСинМ-400"
        },
        {
          "Name": "КНМСинМ-630"
        },
        {
          "Name": "КНМСинМ-1000"
        },
        {
          "Name": "КНМСинМ-1600"
        },
        {
          "Name": "КНМСинМ-2500"
        },
        {
          "Name": "КНМСинМ-4000"
        },
        {
          "Name": "КНМСинМ-6300"
        },
        {
          "Name": "КНМСинМ-10000"
        }
      ],
      "Seals": [
        {
          "NameOfSeal": "M20"
        }
      ]
    }
  ],
  "Panels": [
    {
      "NameOfPanel": "Panel LINESENS 1",
      "RegMethod": null,
      "Product": null,
      "Sensor": null,
      "SecondSensor": null
    },
    {
      "NameOfPanel": "test2",
      "RegMethod": "Регулирование по темп. трубы, с сигнализацией сбоя ",
      "Product": "Нет",
      "Sensor": null,
      "SecondSensor": null
    }
  ],
  "Sensors": [
    {
      "SensorName": "PT100 - EXE температурный датчик взр."
    },
    {
      "SensorName": "PT100 - температурный датчик невзр."
    },
    {
      "SensorName": "PT100 - сенсор  температурный датчик"
    },
    {
      "SensorName": "ТД 4-20 - температурный датчик"
    }
  ],
  "LocalControls": [
    {
      "LocalControlName": "Централизованное управляющее оборудование"
    },
    {
      "LocalControlName": "Термостат на DIN-рейку"
    },
    {
      "LocalControlName": "Контроллер системы управления Wiren board"
    },
    {
      "LocalControlName": "С раскрытием как у локального"
    }
  ]
}